Date,Actual Return,Predicted Return,Actual Trading Signal,Predicted Trading Signal,Actual Entry/Exit,Predicted Entry/Exit
2015-08-12,0.0071106649153032195,-0.004279495,1.0,0.0,1.0,0.0
2015-08-13,-0.0002137933106731688,-0.0046253516,0.0,0.0,-1.0,0.0
2015-08-14,0.005777660961681743,-0.0034990972,1.0,0.0,1.0,0.0
2015-08-17,0.006808248930472615,-0.0036137924,1.0,0.0,0.0,0.0
2015-08-18,0.005530967681010248,-0.004479671,1.0,0.0,0.0,0.0
2015-08-19,-0.013962356091241518,-0.0032345536,0.0,0.0,-1.0,0.0
2015-08-20,-0.02038198719113982,-0.0034365137,0.0,0.0,0.0,0.0
2015-08-21,-0.05672329990106995,-0.003266959,0.0,0.0,0.0,0.0
2015-08-24,-0.03227331170961468,-0.0037170388,0.0,0.0,0.0,0.0
2015-08-25,-0.029030466530637677,-0.004807619,0.0,0.0,0.0,0.0
2015-08-26,0.055349311800545045,-0.0065896385,1.0,0.0,1.0,0.0
2015-08-27,0.027862330823651426,-0.007576295,1.0,0.0,0.0,0.0
2015-08-28,0.0006835033006458221,-0.008001772,1.0,0.0,0.0,0.0
2015-08-31,-0.009333259418723207,-0.0052569043,0.0,0.0,-1.0,0.0
2015-09-01,-0.039062439281434165,-0.0030095659,0.0,0.0,0.0,0.0
2015-09-02,0.03682435496138181,-0.00023188945,1.0,0.0,1.0,0.0
2015-09-03,0.0032288864524840886,-0.0026956326,1.0,0.0,0.0,0.0
2015-09-04,-0.02045941445058652,-0.0044715437,0.0,0.0,-1.0,0.0
2015-09-08,0.030039604443746763,-0.0049205297,1.0,0.0,1.0,0.0
2015-09-09,-0.01868276237160804,-0.0046262112,0.0,0.0,-1.0,0.0
2015-09-10,0.005107901649186396,-0.001961993,1.0,0.0,1.0,0.0
2015-09-11,0.004388711549452749,-0.003867708,1.0,0.0,0.0,0.0
2015-09-14,-0.01011947570248417,-0.0041195005,0.0,0.0,-1.0,0.0
2015-09-15,0.021840173896232832,-0.0027304085,1.0,0.0,1.0,0.0
2015-09-16,0.0072758689176533175,-0.0045157624,1.0,0.0,0.0,0.0
2015-09-17,-0.001128472661308654,-0.0033579492,0.0,0.0,-1.0,0.0
2015-09-18,-0.01740130354751623,-0.0034300406,0.0,0.0,0.0,0.0
2015-09-21,0.014489788536135688,-0.0034692967,1.0,0.0,1.0,0.0
2015-09-22,-0.004761168084483123,-0.0025192657,0.0,0.0,-1.0,0.0
2015-09-23,-0.00068340699188141,-0.0036279762,0.0,0.0,0.0,0.0
2015-09-24,0.0009118003503216753,-0.0041704136,1.0,0.0,1.0,0.0
2015-09-25,0.0006832513675618587,-0.004266223,1.0,0.0,0.0,0.0
2015-09-28,-0.014792645475703583,-0.003168154,0.0,0.0,-1.0,0.0
2015-09-29,0.003464792837110099,-0.0040245377,1.0,0.0,1.0,0.0
2015-09-30,0.018876687775293957,-0.0038460088,1.0,0.0,0.0,0.0
2015-10-01,0.00790768807518228,-0.0038903707,1.0,0.0,0.0,0.0
2015-10-02,0.021519919865046637,-0.0040007285,1.0,0.0,0.0,0.0
2015-10-05,0.023260893082762246,-0.003984122,1.0,0.0,0.0,0.0
2015-10-06,0.002573403473432815,-0.0026437424,1.0,0.0,0.0,0.0
2015-10-07,0.0010693333921780838,-0.0020103797,1.0,0.0,0.0,0.0
2015-10-08,0.013889104703329387,-0.0022389102,1.0,0.0,0.0,0.0
2015-10-09,-0.007165336011899169,-0.0018392487,0.0,0.0,-1.0,0.0
2015-10-12,-0.0023351122570732853,-0.0023786908,0.0,0.0,0.0,0.0
2015-10-13,-0.0023403978559412126,-0.0033954212,0.0,0.0,0.0,0.0
2015-10-14,-0.004478349833537232,-0.003387424,0.0,0.0,0.0,0.0
2015-10-15,0.007069142259774176,-0.0033387118,1.0,0.0,1.0,0.0
2015-10-16,0.010636081012327594,-0.0042642304,1.0,0.0,0.0,0.0
2015-10-19,0.002315185609968131,-0.0039617848,1.0,0.0,0.0,0.0
2015-10-20,0.0031501906042441423,-0.003816977,1.0,0.0,0.0,0.0
2015-10-21,-0.011932265290355631,-0.0035424433,0.0,0.0,-1.0,0.0
2015-10-22,0.017584528409748897,-0.002996997,1.0,0.0,1.0,0.0
2015-10-23,0.10077067096498515,-0.0031304997,1.0,0.0,0.0,0.0
2015-10-26,0.02610151920060555,-0.0034706905,1.0,0.0,0.0,0.0
2015-10-27,-0.010322523224917446,-0.002992816,0.0,0.0,-1.0,0.0
2015-10-28,0.005401529324280828,-0.0020202915,1.0,0.0,1.0,0.0
2015-10-29,-0.011485811837707912,0.00052266766,0.0,1.0,-1.0,1.0
2015-10-30,-0.013493165229352294,0.0017667434,0.0,1.0,0.0,0.0
2015-11-02,0.011398207906434987,-0.0027663957,1.0,0.0,1.0,-1.0
2015-11-03,0.01709240168200155,-0.0043958444,1.0,0.0,0.0,0.0
2015-11-04,0.0046169415019019595,-0.0039864276,1.0,0.0,0.0,0.0
2015-11-05,-0.0003680806606488514,-0.0044687563,0.0,0.0,-1.0,0.0
2015-11-06,0.009930252731124682,-0.003744716,1.0,0.0,1.0,0.0
2015-11-09,-0.013838237771187315,-0.0025212455,0.0,0.0,-1.0,0.0
2015-11-10,-0.012001582828759183,-0.0026853431,0.0,0.0,0.0,0.0
2015-11-11,0.0026164175022955825,-0.0034702085,1.0,0.0,1.0,0.0
2015-11-12,-0.006151063202523122,-0.0037723284,0.0,0.0,-1.0,0.0
2015-11-13,-0.009002166152920937,-0.0039053361,0.0,0.0,0.0,0.0
2015-11-16,0.017600341308916734,-0.0048919404,1.0,0.0,1.0,0.0
2015-11-17,-0.00823802416373864,-0.0044365465,0.0,0.0,-1.0,0.0
2015-11-18,0.016613064414275246,-0.003868789,1.0,0.0,1.0,0.0
2015-11-19,0.0016714362755172359,-0.004092513,1.0,0.0,0.0,0.0
2015-11-20,0.004634560259833008,-0.003665448,1.0,0.0,0.0,0.0
2015-11-23,0.0,-0.0028142221,0.0,0.0,-1.0,0.0
2015-11-24,0.0011072221464889407,-0.0035701727,1.0,0.0,1.0,0.0
2015-11-25,-0.010322540690135716,-0.0027636474,0.0,0.0,-1.0,0.0
2015-11-27,0.0044700551593872566,-0.0035212392,1.0,0.0,1.0,0.0
2015-11-30,0.007787920978093542,-0.0035594404,1.0,0.0,0.0,0.0
2015-12-01,0.016007495849419177,-0.0038537714,1.0,0.0,0.0,0.0
2015-12-02,-0.0001813864219828498,-0.003876786,0.0,0.0,-1.0,0.0
2015-12-03,-0.018293686173770474,-0.003889003,0.0,0.0,0.0,0.0
2015-12-04,0.03154989321116841,-0.0030200246,1.0,0.0,1.0,0.0
2015-12-07,-0.0017884744725877966,-0.0029137696,0.0,0.0,-1.0,0.0
2015-12-08,-0.00035856151591228563,-0.0030430001,0.0,0.0,0.0,0.0
2015-12-09,-0.01451863220200289,-0.0038326455,0.0,0.0,0.0,0.0
2015-12-10,0.00527476640511159,-0.0037269634,1.0,0.0,1.0,0.0
2015-12-11,-0.021892568972761924,-0.00230531,0.0,0.0,-1.0,0.0
2015-12-14,0.019977844258812102,-0.004115619,1.0,0.0,1.0,0.0
2015-12-15,0.001087993419486724,-0.004289785,1.0,0.0,0.0,0.0
2015-12-16,0.016847738428905867,-0.004583074,1.0,0.0,0.0,0.0
2015-12-17,-0.0076606726350101325,-0.0038229031,0.0,0.0,-1.0,0.0
2015-12-18,-0.02818679730360018,-0.004106111,0.0,0.0,0.0,0.0
2015-12-21,0.012932013652385613,-0.0025048475,1.0,0.0,1.0,0.0
2015-12-22,0.009483711489224785,-0.003462081,1.0,0.0,0.0,0.0
2015-12-23,0.008491179260311066,-0.0035353056,1.0,0.0,0.0,0.0
2015-12-24,-0.0026871130823494854,-0.004787782,0.0,0.0,-1.0,0.0
2015-12-28,0.005029846395619985,-0.0045696194,1.0,0.0,1.0,0.0
2015-12-29,0.01072370020537372,-0.0026443936,1.0,0.0,0.0,0.0
2015-12-30,-0.0042437610904500055,-0.0029813414,0.0,0.0,-1.0,0.0
2015-12-31,-0.014739858311325744,-0.0032461847,0.0,0.0,0.0,0.0
2016-01-04,-0.012256868216922841,-0.0035907386,0.0,0.0,0.0,0.0
2016-01-05,0.004562212380638582,-0.0033411474,1.0,0.0,1.0,0.0
2016-01-06,-0.01816536219496678,-0.0036834741,0.0,0.0,-1.0,0.0
2016-01-07,-0.03478256004913083,-0.004687753,0.0,0.0,0.0,0.0
2016-01-08,0.0030670224090663055,-0.0050515053,1.0,0.0,1.0,0.0
2016-01-11,-0.00057340866855871,-0.004827794,0.0,0.0,-1.0,0.0
2016-01-12,0.009177714696524853,-0.004742808,1.0,0.0,1.0,0.0
2016-01-13,-0.021598983618430156,-0.0058288295,0.0,0.0,-1.0,0.0
2016-01-14,0.028466272417060345,-0.005458591,1.0,0.0,1.0,0.0
2016-01-15,-0.03991712991151564,-0.0035612378,0.0,0.0,-1.0,0.0
2016-01-19,-0.008432898219461579,-0.0037304931,0.0,0.0,0.0,0.0
2016-01-20,0.004548841990619221,-0.003807078,1.0,0.0,1.0,0.0
2016-01-21,-0.006103587006708878,-0.0047228932,0.0,0.0,-1.0,0.0
2016-01-22,0.035855906162167724,-0.0037559695,1.0,0.0,1.0,0.0
2016-01-25,-0.009562248826323498,-0.0060497406,0.0,0.0,-1.0,0.0
2016-01-26,0.007337504275467098,-0.0039113536,1.0,0.0,1.0,0.0
2016-01-27,-0.018209821684444072,-0.0031573696,0.0,0.0,-1.0,0.0
2016-01-28,0.016399698235385334,-0.003049903,1.0,0.0,1.0,0.0
2016-01-29,0.05820223751068476,-0.0022193473,1.0,0.0,0.0,0.0
2016-02-01,-0.0068977441053801256,-0.004124567,0.0,0.0,-1.0,0.0
2016-02-02,-0.03125578593358369,-0.003308729,0.0,0.0,0.0,0.0
2016-02-03,-0.015849074484794334,-0.0032699157,0.0,0.0,0.0,0.0
2016-02-04,-0.0030674498387249795,-0.0014456308,0.0,0.0,0.0,0.0
2016-02-05,-0.03538445472945339,-0.001714707,0.0,0.0,0.0,0.0
2016-02-08,-0.014952618755358908,-0.0055592065,0.0,0.0,0.0,0.0
2016-02-09,-0.002630709081109859,-0.0063063134,0.0,0.0,0.0,0.0
2016-02-10,0.008725858631068329,-0.0054614823,1.0,0.0,1.0,0.0
2016-02-11,-0.0004025611846535292,-0.005397505,0.0,0.0,-1.0,0.0
2016-02-12,0.016301208296691794,-0.0061145383,1.0,0.0,1.0,0.0
2016-02-16,0.01894681167784639,-0.004439321,1.0,0.0,0.0,0.0
2016-02-17,0.026032568296235004,-0.0034636962,1.0,0.0,0.0,0.0
2016-02-18,-0.004387740004868087,-0.002865982,0.0,0.0,-1.0,0.0
2016-02-19,-0.0070893852646343215,-0.0027473015,0.0,0.0,0.0,0.0
2016-02-22,0.016016929888615913,-0.0019134893,1.0,0.0,1.0,0.0
2016-02-23,-0.02792026375055746,-0.0020499616,0.0,0.0,-1.0,0.0
2016-02-24,0.0035170417124128564,-0.0026240752,1.0,0.0,1.0,0.0
2016-02-25,0.014408148469584383,-0.0041311574,1.0,0.0,0.0,0.0
2016-02-26,-0.015355174393087204,-0.004044231,0.0,0.0,-1.0,0.0
2016-02-29,-0.008187017572521825,-0.0037184844,0.0,0.0,0.0,0.0
2016-03-01,0.03341200709047243,-0.004966207,1.0,0.0,1.0,0.0
2016-03-02,0.007036800099730511,-0.0033754935,1.0,0.0,0.0,0.0
2016-03-03,-0.011331529530479664,-0.0034196337,0.0,0.0,-1.0,0.0
2016-03-04,-0.006112627083550538,-0.004206961,0.0,0.0,0.0,0.0
2016-03-07,-0.01921985163111528,-0.003057705,0.0,0.0,0.0,0.0
2016-03-08,0.012150010528456646,-0.002097801,1.0,0.0,1.0,0.0
2016-03-09,0.023039720170153103,-0.003995076,1.0,0.0,0.0,0.0
2016-03-10,-0.014950978303310495,-0.004770199,0.0,0.0,-1.0,0.0
2016-03-11,0.019596513113476093,-0.00435793,1.0,0.0,1.0,0.0
2016-03-14,0.001884265612152502,-0.0040222323,1.0,0.0,0.0,0.0
2016-03-15,0.007899392439485679,-0.002507257,1.0,0.0,0.0,0.0
2016-03-16,0.014181678863784956,-0.0027018324,1.0,0.0,0.0,0.0
2016-03-17,0.005703640543598188,-0.003771612,1.0,0.0,0.0,0.0
2016-03-18,-0.02140504420456879,-0.0024471614,0.0,0.0,-1.0,0.0
2016-03-21,0.006917243694785307,-0.0031437979,1.0,0.0,1.0,0.0
2016-03-22,0.0038989803101610082,-0.0029251922,1.0,0.0,0.0,0.0
2016-03-23,-0.0018494169578471393,-0.0031597791,0.0,0.0,-1.0,0.0
2016-03-24,0.00444699470337962,-0.004023639,1.0,0.0,1.0,0.0
2016-03-28,-0.012359445383310574,-0.0045750374,0.0,0.0,-1.0,0.0
2016-03-29,0.02185281361546454,-0.0032879938,1.0,0.0,1.0,0.0
2016-03-30,0.00621478020653888,-0.003586623,1.0,0.0,0.0,0.0
2016-03-31,0.0032695667085607012,-0.0037555785,1.0,0.0,0.0,0.0
2016-04-01,0.00615619144485534,-0.003501207,1.0,0.0,0.0,0.0
2016-04-04,-0.0025193086341790405,-0.0035340944,0.0,0.0,-1.0,0.0
2016-04-05,-0.015695497361340793,-0.0023400728,0.0,0.0,0.0,0.0
2016-04-06,0.010263781476679286,-0.0032594828,1.0,0.0,1.0,0.0
2016-04-07,-0.011973693308175878,-0.0035207702,0.0,0.0,-1.0,0.0
2016-04-08,-0.0007347140281072109,-0.0037432963,0.0,0.0,0.0,0.0
2016-04-11,-0.0020210296807942054,-0.0043135677,0.0,0.0,0.0,0.0
2016-04-12,0.006260167551498171,-0.004452515,1.0,0.0,1.0,0.0
2016-04-13,0.012808675803302355,-0.0036365592,1.0,0.0,0.0,0.0
2016-04-14,0.0001808004260863603,-0.004369183,1.0,0.0,0.0,0.0
2016-04-15,0.00523842323829603,-0.0036551845,1.0,0.0,0.0,0.0
2016-04-18,0.01455509538481725,-0.00341656,1.0,0.0,0.0,0.0
2016-04-19,-0.0012396874268398848,-0.0029491575,0.0,0.0,-1.0,0.0
2016-04-20,-0.014186920703202715,-0.0028981268,0.0,0.0,0.0,0.0
2016-04-21,0.003417826644496194,-0.00334779,1.0,0.0,1.0,0.0
2016-04-22,-0.07171011173297115,-0.0031233102,0.0,0.0,-1.0,0.0
2016-04-25,0.006372938669605192,-0.003397518,1.0,0.0,1.0,0.0
2016-04-26,-0.012857204927827047,-0.0047763204,0.0,0.0,-1.0,0.0
2016-04-27,-0.009720187737408572,-0.005712233,0.0,0.0,0.0,0.0
2016-04-28,-0.02041626861113399,-0.006054638,0.0,0.0,0.0,0.0
2016-04-29,-0.0006012236719181792,-0.007727928,0.0,0.0,0.0,0.0
2016-05-02,0.014838631729844332,-0.0041775513,1.0,0.0,1.0,0.0
2016-05-03,-0.016400033746552852,-0.0051044114,0.0,0.0,-1.0,0.0
2016-05-04,0.0018080191113105677,-0.0048780954,1.0,0.0,1.0,0.0
2016-05-05,0.0014036713011174003,-0.0046912176,1.0,0.0,0.0,0.0
2016-05-06,0.009010881239003288,-0.0035711236,1.0,0.0,0.0,0.0
2016-05-09,-0.00635038716070424,-0.0034751708,0.0,0.0,-1.0,0.0
2016-05-10,0.018973550370285478,-0.004466594,1.0,0.0,1.0,0.0
2016-05-11,0.0005879436250819686,-0.00346888,1.0,0.0,0.0,0.0
2016-05-12,0.009010410060033214,-0.0033610882,1.0,0.0,0.0,0.0
2016-05-13,-0.008347677590320294,-0.0031494114,0.0,0.0,-1.0,0.0
2016-05-16,0.014682797597502784,-0.0033982345,1.0,0.0,1.0,0.0
2016-05-17,-0.018651627071721407,-0.0026416716,0.0,0.0,-1.0,0.0
2016-05-18,0.005939361942831186,-0.003499045,1.0,0.0,1.0,0.0
2016-05-19,-0.009643843520312114,-0.0034306005,0.0,0.0,-1.0,0.0
2016-05-20,0.00596195333709182,-0.004007254,1.0,0.0,1.0,0.0
2016-05-23,-0.01165528070090049,-0.0035699252,0.0,0.0,-1.0,0.0
2016-05-24,0.031181322921902465,-0.0046775546,1.0,0.0,1.0,0.0
2016-05-25,0.010273049308116443,-0.0036936335,1.0,0.0,0.0,0.0
2016-05-26,-0.004412851953643279,-0.0040265564,0.0,0.0,-1.0,0.0
2016-05-27,0.008286762223325361,-0.0032263612,1.0,0.0,1.0,0.0
2016-05-31,0.012996977776483334,-0.003179772,1.0,0.0,0.0,0.0
2016-06-01,-0.002830161924325714,-0.0018389231,0.0,0.0,-1.0,0.0
2016-06-02,-0.0070009580522299945,-0.003137507,0.0,0.0,0.0,0.0
2016-06-03,-0.013147978071711974,-0.0035109757,0.0,0.0,0.0,0.0
2016-06-06,0.006565232332022224,-0.0030213792,1.0,0.0,1.0,0.0
2016-06-07,-0.0005755582661001073,-0.003383777,0.0,0.0,-1.0,0.0
2016-06-08,-0.001151699971467791,-0.004322021,0.0,0.0,0.0,0.0
2016-06-09,-0.008070877121566183,-0.004444752,0.0,0.0,0.0,0.0
2016-06-10,-0.0027121820620091756,-0.0042495644,0.0,0.0,0.0,0.0
2016-06-13,-0.02602936569251568,-0.003514375,0.0,0.0,0.0,0.0
2016-06-14,-0.006182630265083816,-0.0040277806,0.0,0.0,0.0,0.0
2016-06-15,-0.0028096920581824787,-0.0043334696,0.0,0.0,0.0,0.0
2016-06-16,0.014087460033114233,-0.0047895014,1.0,0.0,1.0,0.0
2016-06-17,-0.005159869507695646,-0.004881547,0.0,0.0,-1.0,0.0
2016-06-20,-0.001196546518616229,-0.005282654,0.0,0.0,0.0,0.0
2016-06-21,0.022368467407684278,-0.003955937,1.0,0.0,1.0,0.0
2016-06-22,-0.0039068952223425485,-0.0034981724,0.0,0.0,-1.0,0.0
2016-06-23,0.0180425805876352,-0.0030694532,1.0,0.0,1.0,0.0
2016-06-24,-0.04006929271385539,-0.0036668417,0.0,0.0,-1.0,0.0
2016-06-27,-0.02809559102211479,-0.0030929237,0.0,0.0,0.0,0.0
2016-06-28,0.020854816900372823,-0.0027600266,1.0,0.0,1.0,0.0
2016-06-29,0.022249233492620306,-0.004262693,1.0,0.0,0.0,0.0
2016-06-30,0.012465502303260267,-0.0044963425,1.0,0.0,0.0,0.0
2016-07-01,-0.0001955869847016804,-0.006268555,0.0,0.0,-1.0,0.0
2016-07-05,0.00019562524645388068,-0.0040515377,1.0,0.0,1.0,0.0
2016-07-06,0.004103847059231842,-0.0017679387,1.0,0.0,0.0,0.0
2016-07-07,0.0,-0.0022101128,0.0,0.0,-1.0,0.0
2016-07-08,0.01790595344906643,-0.0030850568,1.0,0.0,1.0,0.0
2016-07-11,0.005544800785332696,-0.0036540644,1.0,0.0,0.0,0.0
2016-07-12,0.011789359640741466,-0.0034717454,1.0,0.0,0.0,0.0
2016-07-13,0.005637906616768007,-0.0031722176,1.0,0.0,0.0,0.0
2016-07-14,0.004298376526547847,-0.002981107,1.0,0.0,0.0,0.0
2016-07-15,-0.000744163368284639,-0.0024085692,0.0,0.0,-1.0,0.0
2016-07-18,0.0048415894453366385,-0.0029544716,1.0,0.0,1.0,0.0
2016-07-19,-0.0161230541710432,-0.0028848418,0.0,0.0,-1.0,0.0
2016-07-20,0.05311731043757684,-0.0033245801,1.0,0.0,1.0,0.0
2016-07-21,-0.0019675030937108618,-0.0035026139,0.0,0.0,-1.0,0.0
2016-07-22,0.013799449933573632,-0.003554491,1.0,0.0,1.0,0.0
2016-07-25,0.0028281075402587542,-0.0031226198,1.0,0.0,0.0,0.0
2016-07-26,0.0005288887795653584,-0.0028138314,1.0,0.0,0.0,0.0
2016-07-27,-0.010042261744137587,-0.00090476905,0.0,0.0,-1.0,0.0
2016-07-28,0.0003560055543057095,-0.0033634326,1.0,0.0,1.0,0.0
2016-07-29,0.008361274722567641,-0.003011845,1.0,0.0,0.0,0.0
2016-08-01,-0.00176412827640914,-0.0037500951,0.0,0.0,-1.0,0.0
2016-08-02,0.0,-0.0039948025,0.0,0.0,0.0,0.0
2016-08-03,0.006892976309844423,-0.0041258303,1.0,0.0,1.0,0.0
2016-08-04,0.007372231016050878,-0.003477893,1.0,0.0,0.0,0.0
2016-08-05,0.009931950034545844,-0.0033184194,1.0,0.0,0.0,0.0
2016-08-08,0.0017254545481823948,-0.0036532048,1.0,0.0,0.0,0.0
2016-08-09,0.0024112044661306325,-0.0033236945,1.0,0.0,0.0,0.0
2016-08-10,-0.0030926121658871797,-0.0029676394,0.0,0.0,-1.0,0.0
2016-08-11,0.00482587594430005,-0.0030055281,1.0,0.0,1.0,0.0
2016-08-12,-0.006174969374095112,-0.0031558457,0.0,0.0,-1.0,0.0
2016-08-15,0.003106704001524248,-0.0036129067,1.0,0.0,1.0,0.0
2016-08-16,-0.0055404223704652615,-0.0036831095,0.0,0.0,-1.0,0.0
2016-08-17,0.002089215715212153,-0.0038484444,1.0,0.0,1.0,0.0
2016-08-18,0.0006950486541206268,-0.0036880719,1.0,0.0,0.0,0.0
2016-08-19,0.00034699717772769127,-0.0040512905,1.0,0.0,0.0,0.0
2016-08-22,0.0008677990834082796,-0.0037317825,1.0,0.0,0.0,0.0
2016-08-23,0.0038150481224812328,-0.0039531104,1.0,0.0,0.0,0.0
2016-08-24,0.001036487472547931,-0.0036018747,1.0,0.0,0.0,0.0
2016-08-25,0.0037961166248150512,-0.0036596651,1.0,0.0,0.0,0.0
2016-08-26,-0.0024065942337382364,-0.0036239123,0.0,0.0,-1.0,0.0
2016-08-29,0.0012062354073703039,-0.0035393303,1.0,0.0,1.0,0.0
2016-08-30,-0.0036143464694251663,-0.0034686716,0.0,0.0,-1.0,0.0
2016-08-31,-0.0074280062028596544,-0.0036122685,0.0,0.0,0.0,0.0
2016-09-01,0.002262517000030778,-0.003651616,1.0,0.0,1.0,0.0
2016-09-02,0.0013889442665926369,-0.003950401,1.0,0.0,0.0,0.0
2016-09-06,-0.0010401562981653346,-0.003922633,0.0,0.0,-1.0,0.0
2016-09-07,0.0008678066036302876,-0.004137735,1.0,0.0,1.0,0.0
2016-09-08,-0.003988920205323938,-0.004043215,0.0,0.0,-1.0,0.0
2016-09-09,-0.02124317135667153,-0.0036071888,0.0,0.0,0.0,0.0
2016-09-12,0.014943864512280584,-0.0037628463,1.0,0.0,1.0,0.0
2016-09-13,-0.009114747225770107,-0.0039784694,0.0,0.0,-1.0,0.0
2016-09-14,-0.004776368774629274,-0.0041292687,0.0,0.0,0.0,0.0
2016-09-15,0.01653047192720681,-0.0044807913,1.0,0.0,1.0,0.0
2016-09-16,0.0010491021541996232,-0.004535482,1.0,0.0,0.0,0.0
2016-09-19,-0.005589347692359859,-0.0032504958,0.0,0.0,-1.0,0.0
2016-09-20,-0.0021080033869151807,-0.0040936596,0.0,0.0,0.0,0.0
2016-09-21,0.016722545146757414,-0.0034808756,1.0,0.0,1.0,0.0
2016-09-22,0.001038749044073094,-0.0029558782,1.0,0.0,0.0,0.0
2016-09-23,-0.006745147250377782,-0.0037995107,0.0,0.0,-1.0,0.0
2016-09-26,-0.00922848511599384,-0.003820754,0.0,0.0,0.0,0.0
2016-09-27,0.018453434436999535,-0.003357311,1.0,0.0,1.0,0.0
2016-09-28,0.0013803866786969896,-0.00301445,1.0,0.0,0.0,0.0
2016-09-29,-0.01085640231957441,-0.0039526415,0.0,0.0,-1.0,0.0
2016-09-30,0.0034842845867812987,-0.0040915105,1.0,0.0,1.0,0.0
2016-10-03,-0.0031251178804495502,-0.003671218,0.0,0.0,-1.0,0.0
2016-10-04,-0.003134699858938556,-0.0029317436,0.0,0.0,0.0,0.0
2016-10-05,0.006988048454360955,-0.0040072277,1.0,0.0,1.0,0.0
2016-10-06,0.0017349957174834871,-0.004267252,1.0,0.0,0.0,0.0
2016-10-07,0.0010391089092327568,-0.003677548,1.0,0.0,0.0,0.0
2016-10-10,0.004152263521857392,-0.0038795474,1.0,0.0,0.0,0.0
2016-10-11,-0.014645116988575397,-0.0036383697,0.0,0.0,-1.0,0.0
2016-10-12,-0.0013988028722661159,-0.0033104743,0.0,0.0,0.0,0.0
2016-10-13,-0.003326810373537988,-0.0036620747,0.0,0.0,0.0,0.0
2016-10-14,0.008784059095482182,-0.0038373733,1.0,0.0,1.0,0.0
2016-10-17,-0.0034829998432650594,-0.004059561,0.0,0.0,-1.0,0.0
2016-10-18,0.007689597522137834,-0.004563719,1.0,0.0,1.0,0.0
2016-10-19,-0.0022546691320152216,-0.0037915397,0.0,0.0,-1.0,0.0
2016-10-20,-0.004867019260068832,-0.0036445826,0.0,0.0,0.0,0.0
2016-10-21,0.04209592487962709,-0.0033030373,1.0,0.0,1.0,0.0
2016-10-24,0.02246081894772623,-0.0036869517,1.0,0.0,0.0,0.0
2016-10-25,-0.00016392937221053658,-0.0031928618,0.0,0.0,-1.0,0.0
2016-10-26,-0.005902627395523942,-0.003154986,0.0,0.0,0.0,0.0
2016-10-27,-0.008741684960522739,-0.0022827643,0.0,0.0,0.0,0.0
2016-10-28,-0.0038267692123137294,-0.0009788142,0.0,0.0,0.0,0.0
2016-10-31,0.000835117035638431,-0.0027795765,1.0,0.0,1.0,0.0
2016-11-01,-0.0020026084730804237,-0.004139467,0.0,0.0,-1.0,0.0
2016-11-02,-0.006187443868980507,-0.004416567,0.0,0.0,0.0,0.0
2016-11-03,-0.0037017895248655543,-0.0043437066,0.0,0.0,0.0,0.0
2016-11-04,-0.008444398512614915,-0.0040086475,0.0,0.0,0.0,0.0
2016-11-07,0.02912608429637941,-0.0039256415,1.0,0.0,1.0,0.0
2016-11-08,0.0008276512901879109,-0.0041417074,1.0,0.0,0.0,0.0
2016-11-09,-0.004961256684739454,-0.0041390373,0.0,0.0,-1.0,0.0
2016-11-10,-0.024430506313877443,-0.003717742,0.0,0.0,0.0,0.0
2016-11-11,0.005451348844474074,-0.003299703,1.0,0.0,1.0,0.0
2016-11-14,-0.015249223555713228,-0.002492409,0.0,0.0,-1.0,0.0
2016-11-15,0.01974716777137831,-0.0043025617,1.0,0.0,1.0,0.0
2016-11-16,0.013249508974000125,-0.0048164367,1.0,0.0,0.0,0.0
2016-11-17,0.01659683792353795,-0.004959838,1.0,0.0,0.0,0.0
2016-11-18,-0.004782304637011464,-0.0035120698,0.0,0.0,-1.0,0.0
2016-11-21,0.008450631535193988,-0.0035552203,1.0,0.0,1.0,0.0
2016-11-22,0.004271980497197118,-0.002055432,1.0,0.0,0.0,0.0
2016-11-23,-0.011779812871757663,-0.002552713,0.0,0.0,-1.0,0.0
2016-11-25,0.0021520204866935988,-0.0028996246,1.0,0.0,1.0,0.0
2016-11-28,0.0013217309847628473,-0.0037261168,1.0,0.0,0.0,0.0
2016-11-29,0.007919445833690872,-0.0033664412,1.0,0.0,0.0,0.0
2016-11-30,-0.013586459975049599,-0.0038615603,0.0,0.0,-1.0,0.0
2016-12-01,-0.017590503465579218,-0.00423469,0.0,0.0,0.0,0.0
2016-12-02,0.0008446321496837797,-0.0035843304,1.0,0.0,1.0,0.0
2016-12-05,0.016371469662123987,-0.0037909145,1.0,0.0,0.0,0.0
2016-12-06,-0.004483677309084935,-0.0040783817,0.0,0.0,-1.0,0.0
2016-12-07,0.023686352145906312,-0.004927615,1.0,0.0,1.0,0.0
2016-12-08,-0.005866079237293768,-0.0043444363,0.0,0.0,-1.0,0.0
2016-12-09,0.015735248786299158,-0.0030971565,1.0,0.0,1.0,0.0
2016-12-12,0.0032273132981217607,-0.0026701305,1.0,0.0,0.0,0.0
2016-12-13,0.013028804976674014,-0.0031986185,1.0,0.0,0.0,0.0
2016-12-14,-0.004763433651979392,-0.0024223363,0.0,0.0,-1.0,0.0
2016-12-15,-0.0015952804271227527,-0.0033986643,0.0,0.0,0.0,0.0
2016-12-16,-0.00447448407575502,-0.0026515832,0.0,0.0,0.0,0.0
2016-12-19,0.02118787742001515,-0.0032604728,1.0,0.0,1.0,0.0
2016-12-20,-0.00125740640061046,-0.0032647187,0.0,0.0,-1.0,0.0
2016-12-21,0.0,-0.0039826767,0.0,0.0,0.0,0.0
2016-12-22,0.00015760687660028113,-0.0036207344,1.0,0.0,1.0,0.0
2016-12-23,-0.0048782897421745216,-0.003311816,0.0,0.0,-1.0,0.0
2016-12-27,0.0006323840075617158,-0.0027157296,1.0,0.0,1.0,0.0
2016-12-28,-0.00458266166694532,-0.003847689,0.0,0.0,-1.0,0.0
2016-12-29,-0.00142883562777207,-0.0038357584,0.0,0.0,0.0,0.0
2016-12-30,-0.012082778289742472,-0.0039293664,0.0,0.0,0.0,0.0
2017-01-03,0.007081008276535572,-0.004095874,1.0,0.0,1.0,0.0
2017-01-04,-0.00447448407575502,-0.003972439,0.0,0.0,-1.0,0.0
2017-01-05,0.0,-0.0042099305,0.0,0.0,0.0,0.0
2017-01-06,0.008667833645198178,-0.004135117,1.0,0.0,1.0,0.0
2017-01-09,-0.0031826973662643127,-0.0042104647,0.0,0.0,-1.0,0.0
2017-01-10,-0.0003192859271057172,-0.0034777108,0.0,0.0,0.0,0.0
2017-01-11,0.00910239205416685,-0.003853524,1.0,0.0,1.0,0.0
2017-01-12,-0.009178571685003913,-0.0035099075,0.0,0.0,-1.0,0.0
2017-01-13,0.0014375730945856955,-0.0033659723,1.0,0.0,1.0,0.0
2017-01-17,-0.002711235345189138,-0.0038298713,0.0,0.0,-1.0,0.0
2017-01-18,-0.0004798693782609364,-0.0036248502,0.0,0.0,0.0,0.0
2017-01-19,-0.003200141891356301,-0.0035807358,0.0,0.0,0.0,0.0
2017-01-20,0.007062822635884435,-0.0042379075,1.0,0.0,1.0,0.0
2017-01-23,0.003506481635729092,-0.0037867466,1.0,0.0,0.0,0.0
2017-01-24,0.008894501896402618,-0.00390828,1.0,0.0,0.0,0.0
2017-01-25,0.0025189004404986204,-0.0037183282,1.0,0.0,0.0,0.0
2017-01-26,0.009264882833315958,-0.0035556762,1.0,0.0,0.0,0.0
2017-01-27,0.023494813337252778,-0.0030859425,1.0,0.0,0.0,0.0
2017-01-30,-0.009881612656815647,-0.0031345114,0.0,0.0,-1.0,0.0
2017-01-31,-0.0073697144143879375,-0.0029054468,0.0,0.0,0.0,0.0
2017-02-01,-0.01655055739971889,-0.0029950433,0.0,0.0,0.0,0.0
2017-02-02,-0.006448751426730512,-0.0027653927,0.0,0.0,0.0,0.0
2017-02-03,0.008073578640763529,-0.0031335475,1.0,0.0,1.0,0.0
2017-02-06,-0.0006282070686549622,-0.004849949,0.0,0.0,-1.0,0.0
2017-02-07,-0.003299855210238013,-0.0047509745,0.0,0.0,0.0,0.0
2017-02-08,-0.0014187953752568038,-0.0046971957,0.0,0.0,0.0,0.0
2017-02-09,0.011367199582191113,-0.0038560117,1.0,0.0,1.0,0.0
2017-02-10,-0.0009365613967743386,-0.0034060492,0.0,0.0,-1.0,0.0
2017-02-13,0.01124997493221479,-0.0038389363,1.0,0.0,1.0,0.0
2017-02-14,0.003730967879697963,-0.0037577928,1.0,0.0,0.0,0.0
2017-02-15,-0.0006197158355296556,-0.0033829827,0.0,0.0,-1.0,0.0
2017-02-16,-0.00015507225088785001,-0.0029778378,0.0,0.0,0.0,0.0
2017-02-17,0.0015500184629460125,-0.0033696974,1.0,0.0,1.0,0.0
2017-02-21,-0.002011685455538095,-0.003060453,0.0,0.0,-1.0,0.0
2017-02-22,-0.0020159294906626508,-0.003574028,0.0,0.0,0.0,0.0
2017-02-23,0.004039813962132261,-0.0037787755,1.0,0.0,1.0,0.0
2017-02-24,0.0,-0.003751541,0.0,0.0,-1.0,0.0
2017-02-27,-0.006035119239643722,-0.0037445468,0.0,0.0,0.0,0.0
2017-02-28,-0.0038925726364123963,-0.0038607267,0.0,0.0,0.0,0.0
2017-03-01,0.015005069996946844,-0.0037719377,1.0,0.0,1.0,0.0
2017-03-02,-0.014321217114513838,-0.0036533482,0.0,0.0,-1.0,0.0
2017-03-03,0.003749493253825574,-0.0039377543,1.0,0.0,1.0,0.0
2017-03-06,0.00031117992776286455,-0.0040266346,1.0,0.0,0.0,0.0
2017-03-07,0.002023020151245442,-0.003686522,1.0,0.0,0.0,0.0
2017-03-08,0.009161295003288439,-0.0033822663,1.0,0.0,0.0,0.0
2017-03-09,-0.004000527627290097,-0.0043371813,0.0,0.0,-1.0,0.0
2017-03-10,0.0030896024245821094,-0.0034537062,1.0,0.0,1.0,0.0
2017-03-13,-0.00338825749054949,-0.003531242,0.0,0.0,-1.0,0.0
2017-03-14,-0.00463583668263056,-0.0033999537,0.0,0.0,0.0,0.0
2017-03-15,0.0052786830523145955,-0.0033887785,1.0,0.0,1.0,0.0
2017-03-16,-0.0016989947525489683,-0.0039413753,0.0,0.0,-1.0,0.0
2017-03-17,0.0035581408767344593,-0.0037510851,1.0,0.0,1.0,0.0
2017-03-20,0.0009248679305882238,-0.0039938386,1.0,0.0,0.0,0.0
2017-03-21,-0.01108878581193062,-0.0038201027,0.0,0.0,-1.0,0.0
2017-03-22,0.012770564099053191,-0.0034839755,1.0,0.0,1.0,0.0
2017-03-23,-0.0024603921595578466,-0.0037645134,0.0,0.0,-1.0,0.0
2017-03-24,0.0016958521674364036,-0.0036471353,1.0,0.0,1.0,0.0
2017-03-27,0.0018466042932829849,-0.0038617947,1.0,0.0,0.0,0.0
2017-03-28,0.0029185778259856934,-0.003933847,1.0,0.0,0.0,0.0
2017-03-29,0.002757066281351851,-0.0031286501,1.0,0.0,0.0,0.0
2017-03-30,0.003665505254157662,-0.0037645786,1.0,0.0,0.0,0.0
2017-03-31,0.0022830145363179626,-0.003525928,1.0,0.0,0.0,0.0
2017-04-03,-0.00470695226244433,-0.0034816181,0.0,0.0,-1.0,0.0
2017-04-04,0.002746006316111989,-0.0034368783,1.0,0.0,1.0,0.0
2017-04-05,-0.0025864925072380824,-0.0034771636,0.0,0.0,-1.0,0.0
2017-04-06,0.002593199799088238,-0.003554569,1.0,0.0,1.0,0.0
2017-04-07,-0.0007607112746225205,-0.0037549664,0.0,0.0,-1.0,0.0
2017-04-10,-0.0022841804820532517,-0.003932909,0.0,0.0,0.0,0.0
2017-04-11,-0.0007627233028708689,-0.0036583105,0.0,0.0,0.0,0.0
2017-04-12,-0.0038178925086920132,-0.0038305486,0.0,0.0,0.0,0.0
2017-04-13,-0.004292749027994817,-0.003694571,0.0,0.0,0.0,0.0
2017-04-17,0.008160303840315287,-0.0039146747,1.0,0.0,1.0,0.0
2017-04-18,-0.0013743469912814756,-0.0039806184,0.0,0.0,-1.0,0.0
2017-04-19,-0.005352542266518708,-0.0039377282,0.0,0.0,0.0,0.0
2017-04-20,0.00707264064573909,-0.003966135,1.0,0.0,1.0,0.0
2017-04-21,0.0137403259091644,-0.0037555655,1.0,0.0,0.0,0.0
2017-04-24,0.017017978194828313,-0.0033986643,1.0,0.0,0.0,0.0
2017-04-25,0.00577547564678249,-0.0037511762,1.0,0.0,0.0,0.0
2017-04-26,-0.0013252729461096123,-0.0034284124,0.0,0.0,-1.0,0.0
2017-04-27,0.006486791737675201,-0.002612418,1.0,0.0,1.0,0.0
2017-04-28,0.0027831182803250603,-0.0023977328,1.0,0.0,0.0,0.0
2017-05-01,0.013876851459506229,-0.002665676,1.0,0.0,0.0,0.0
2017-05-02,-0.0015848702836704965,-0.0033420853,0.0,0.0,-1.0,0.0
2017-05-03,-0.003174420407092154,-0.003462524,0.0,0.0,0.0,0.0
2017-05-04,-0.003908879618011773,-0.0031013766,0.0,0.0,0.0,0.0
2017-05-05,0.002761159361005734,-0.0032103278,1.0,0.0,1.0,0.0
2017-05-08,-0.00086956890391455,-0.0031695997,0.0,0.0,-1.0,0.0
2017-05-09,0.0014509357415801707,-0.0039900225,1.0,0.0,1.0,0.0
2017-05-10,0.003910673701728709,-0.0040005986,1.0,0.0,0.0,0.0
2017-05-11,-0.01226383008955634,-0.0038610392,0.0,0.0,-1.0,0.0
2017-05-12,-0.0011685307372841754,-0.0036040368,0.0,0.0,0.0,0.0
2017-05-15,0.0007309336069629628,-0.0037696844,1.0,0.0,1.0,0.0
2017-05-16,0.020135687395088874,-0.003772693,1.0,0.0,0.0,0.0
2017-05-17,-0.02780623460377718,-0.0039402423,0.0,0.0,-1.0,0.0
2017-05-18,0.003408482461425333,-0.00431853,1.0,0.0,1.0,0.0
2017-05-19,-0.0002950275947751876,-0.0036314016,0.0,0.0,-1.0,0.0
2017-05-22,0.01122742693614476,-0.0035262927,1.0,0.0,1.0,0.0
2017-05-23,0.003360298502248071,-0.0035662262,1.0,0.0,0.0,0.0
2017-05-24,0.001310373003986941,-0.0050126268,1.0,0.0,0.0,0.0
2017-05-25,0.012359941032255014,-0.0033632112,1.0,0.0,0.0,0.0
2017-05-26,0.004883383116840233,-0.0033107349,1.0,0.0,0.0,0.0
2017-05-30,0.0064328020938076,-0.002948324,1.0,0.0,0.0,0.0
2017-05-31,-0.00809592095432588,-0.0032750864,0.0,0.0,-1.0,0.0
2017-06-01,0.003722956593463552,-0.0031619803,1.0,0.0,1.0,0.0
2017-06-02,0.023680709493479217,-0.0028967464,1.0,0.0,0.0,0.0
2017-06-05,0.0072460129364941795,-0.0033672878,1.0,0.0,0.0,0.0
2017-06-06,0.0033205130039453165,-0.003445097,1.0,0.0,0.0,0.0
2017-06-07,-0.0017924636978473452,-0.0035796678,0.0,0.0,-1.0,0.0
2017-06-08,-0.00607835532502033,-0.0026480926,0.0,0.0,0.0,0.0
2017-06-09,-0.022654436135344895,-0.0022744155,0.0,0.0,0.0,0.0
2017-06-12,-0.007679220296662794,-0.0033813936,0.0,0.0,0.0,0.0
2017-06-13,0.012467608012753926,-0.003926931,1.0,0.0,1.0,0.0
2017-06-14,-0.005378490452413233,-0.004494858,0.0,0.0,-1.0,0.0
2017-06-15,-0.005265349104890628,-0.0048903646,0.0,0.0,0.0,0.0
2017-06-16,0.0014307123949071077,-0.0050209495,1.0,0.0,1.0,0.0
2017-06-19,0.012428191466032024,-0.003869271,1.0,0.0,0.0,0.0
2017-06-20,-0.013545850343548377,-0.0033501345,0.0,0.0,-1.0,0.0
2017-06-21,0.0051496208772350335,-0.0041138087,1.0,0.0,1.0,0.0
2017-06-22,-0.00014234091476916918,-0.003847259,0.0,0.0,-1.0,0.0
2017-06-23,0.013521322151272875,-0.0034728525,1.0,0.0,1.0,0.0
2017-06-26,-0.009549597079571486,-0.0034489,0.0,0.0,-1.0,0.0
2017-06-27,-0.018715275498656484,-0.0042067263,0.0,0.0,0.0,0.0
2017-06-28,0.008525103808793448,-0.0033532474,1.0,0.0,1.0,0.0
2017-06-29,-0.018768046978108518,-0.003605209,0.0,0.0,-1.0,0.0
2017-06-30,0.006424118768694431,-0.0036762324,1.0,0.0,1.0,0.0
2017-07-03,-0.011025866973667479,-0.0048559792,0.0,0.0,-1.0,0.0
2017-07-05,0.01334932384048092,-0.004757109,1.0,0.0,1.0,0.0
2017-07-06,-0.007382802225132878,-0.0038808498,0.0,0.0,-1.0,0.0
2017-07-07,0.012979236403084965,-0.0046315645,1.0,0.0,1.0,0.0
2017-07-10,0.0074865316176062685,-0.0035829109,1.0,0.0,0.0,0.0
2017-07-11,0.00014281533238614426,-0.003909999,1.0,0.0,0.0,0.0
2017-07-12,0.01657402503494264,-0.0030307048,1.0,0.0,0.0,0.0
2017-07-13,0.008713713253926345,-0.0035484475,1.0,0.0,0.0,0.0
2017-07-14,0.01407281366777413,-0.0027119915,1.0,0.0,0.0,0.0
2017-07-17,0.00783195559105443,-0.002992764,1.0,0.0,0.0,0.0
2017-07-18,-0.0006818197339118925,-0.0029437263,0.0,0.0,-1.0,0.0
2017-07-19,0.00763971740397528,-0.002328715,1.0,0.0,1.0,0.0
2017-07-20,0.004874440575875595,-0.0027041638,1.0,0.0,0.0,0.0
2017-07-21,-0.005793718665390581,-0.0027260974,0.0,0.0,-1.0,0.0
2017-07-24,-0.002574808895769886,-0.0032121253,0.0,0.0,0.0,0.0
2017-07-25,0.008016278231652397,-0.0034949814,1.0,0.0,1.0,0.0
2017-07-26,-0.001886935463039198,-0.0033051602,0.0,0.0,-1.0,0.0
2017-07-27,-0.012019154446554657,-0.003682966,0.0,0.0,0.0,0.0
2017-07-28,-0.0016401755999473475,-0.00402907,0.0,0.0,0.0,0.0
2017-07-31,-0.004654946375530985,-0.0037430099,0.0,0.0,0.0,0.0
2017-08-01,-0.0016505534332778003,-0.0036334204,0.0,0.0,0.0,0.0
2017-08-02,-0.004409160866857826,-0.004317332,0.0,0.0,0.0,0.0
2017-08-03,-0.0015221831868191765,-0.004535677,0.0,0.0,0.0,0.0
2017-08-04,0.007345814764618383,-0.0040550283,1.0,0.0,1.0,0.0
2017-08-07,-0.0038524996003653804,-0.0041254265,0.0,0.0,-1.0,0.0
2017-08-08,0.005386973106535914,-0.003964012,1.0,0.0,1.0,0.0
2017-08-09,-0.004396217922854503,-0.0039193504,0.0,0.0,-1.0,0.0
2017-08-10,-0.014626976425595073,-0.003624811,0.0,0.0,0.0,0.0
2017-08-11,0.015264080172626033,-0.0034605702,1.0,0.0,1.0,0.0
2017-08-14,0.0150341452107552,-0.0039323233,1.0,0.0,0.0,0.0
2017-08-15,0.0002734853784682849,-0.0037466828,1.0,0.0,0.0,0.0
2017-08-16,0.005872785151839429,-0.0040905597,1.0,0.0,0.0,0.0
2017-08-17,-0.016972298620359646,-0.003733554,0.0,0.0,-1.0,0.0
2017-08-18,0.0012432281529015676,-0.002465005,1.0,0.0,1.0,0.0
2017-08-21,-0.004690352167210596,-0.0029876323,0.0,0.0,-1.0,0.0
2017-08-22,0.013998911524981221,-0.0038452533,1.0,0.0,1.0,0.0
2017-08-23,-0.006014362144329713,-0.0040027476,0.0,0.0,-1.0,0.0
2017-08-24,-0.0004126593819503392,-0.0045887134,0.0,0.0,0.0,0.0
2017-08-25,0.0017880812494037665,-0.0036402843,1.0,0.0,1.0,0.0
2017-08-28,0.00013762180688713292,-0.0036400629,1.0,0.0,0.0,0.0
2017-08-29,0.003020531959232021,-0.0032244076,1.0,0.0,0.0,0.0
2017-08-30,0.01314193100662252,-0.004039373,1.0,0.0,0.0,0.0
2017-08-31,0.010269037065350215,-0.0036685218,1.0,0.0,0.0,0.0
2017-09-01,-0.011101056578618257,-0.003492611,0.0,0.0,-1.0,0.0
2017-09-05,-0.004462944549970975,-0.0033614137,0.0,0.0,0.0,0.0
2017-09-06,-0.0028529264085607083,-0.0030735298,0.0,0.0,0.0,0.0
2017-09-07,0.01280663282980977,-0.0029725628,1.0,0.0,1.0,0.0
2017-09-08,-0.004842596950855757,-0.0036689127,0.0,0.0,-1.0,0.0
2017-09-11,0.010543368696245493,-0.004445325,1.0,0.0,1.0,0.0
2017-09-12,-0.0010701466912580472,-0.0038693098,0.0,0.0,-1.0,0.0
2017-09-13,0.007096899997288254,-0.0034908005,1.0,0.0,1.0,0.0
2017-09-14,-0.005850003462109516,-0.0030655197,0.0,0.0,-1.0,0.0
2017-09-15,0.007221743500360976,-0.0036327823,1.0,0.0,1.0,0.0
2017-09-18,-0.0019915914141845864,-0.0031503753,0.0,0.0,-1.0,0.0
2017-09-19,0.0037256334983029053,-0.0036280802,1.0,0.0,1.0,0.0
2017-09-20,-0.0066280476203564,-0.0034600233,0.0,0.0,-1.0,0.0
2017-09-21,-0.009741165014809922,-0.0038353805,0.0,0.0,0.0,0.0
2017-09-22,0.002694924477679045,-0.00344257,1.0,0.0,1.0,0.0
2017-09-25,-0.015454734952602418,-0.003915404,0.0,0.0,-1.0,0.0
2017-09-26,0.0,-0.0039594797,0.0,0.0,0.0,0.0
2017-09-27,0.008053585109659917,-0.004488033,1.0,0.0,1.0,0.0
2017-09-28,0.00027086053229051884,-0.0044339807,1.0,0.0,0.0,0.0
2017-09-29,0.008392879678667416,-0.004069134,1.0,0.0,0.0,0.0
2017-10-02,0.0016110926202939147,-0.0043975636,1.0,0.0,0.0,0.0
2017-10-03,-0.004691075786009124,-0.0034200375,0.0,0.0,-1.0,0.0
2017-10-04,0.0057904296281257,-0.003177662,1.0,0.0,1.0,0.0
2017-10-05,0.017137427381320285,-0.0034570796,1.0,0.0,0.0,0.0
2017-10-06,0.00039500591503903736,-0.0032808173,1.0,0.0,0.0,0.0
2017-10-09,0.003815790127630337,-0.0036001815,1.0,0.0,0.0,0.0
2017-10-10,0.0,-0.0034954892,0.0,0.0,-1.0,0.0
2017-10-11,0.0017039154343871966,-0.0028624784,1.0,0.0,1.0,0.0
2017-10-12,0.009159832188753167,-0.0027916895,1.0,0.0,0.0,0.0
2017-10-13,0.0047979818505774485,-0.0035781697,1.0,0.0,0.0,0.0
2017-10-16,0.0020647863134402094,-0.0034521043,1.0,0.0,0.0,0.0
2017-10-17,-0.0007729193405677857,-0.0034973258,0.0,0.0,-1.0,0.0
2017-10-18,0.0002579081206981424,-0.0032657478,1.0,0.0,1.0,0.0
2017-10-19,0.003865656852565684,-0.0030919858,1.0,0.0,0.0,0.0
2017-10-20,0.011551488061897874,-0.0034413068,1.0,0.0,0.0,0.0
2017-10-23,0.0002539156288332688,-0.003619549,1.0,0.0,0.0,0.0
2017-10-24,0.0003804709132944009,-0.0036325739,1.0,0.0,0.0,0.0
2017-10-25,-0.002916445735388519,-0.003406453,0.0,0.0,-1.0,0.0
2017-10-26,0.0016532074626654026,-0.0031715664,1.0,0.0,1.0,0.0
2017-10-27,0.06411868101278895,-0.0031604825,1.0,0.0,0.0,0.0
2017-10-30,0.0009545899956859739,-0.0036679618,1.0,0.0,0.0,0.0
2017-10-31,-0.008463271982339206,-0.0033655036,0.0,0.0,-1.0,0.0
2017-11-01,0.0,-0.0027789383,0.0,0.0,0.0,0.0
2017-11-02,0.010459343091109954,-0.0016886187,1.0,0.0,1.0,0.0
2017-11-03,0.0010707154077076342,-0.000656402,1.0,0.0,0.0,0.0
2017-11-06,0.00392210762829537,-0.0039067296,1.0,0.0,0.0,0.0
2017-11-07,-0.002367970358555962,-0.003991807,0.0,0.0,-1.0,0.0
2017-11-08,0.003441416010223398,-0.0033652692,1.0,0.0,1.0,0.0
2017-11-09,-0.00555841414742564,-0.003121135,0.0,0.0,-1.0,0.0
2017-11-10,-0.002615879865447198,-0.0035929398,0.0,0.0,0.0,0.0
2017-11-13,0.0007152145020663549,-0.003610432,1.0,0.0,1.0,0.0
2017-11-14,0.0014299811921183357,-0.0038765385,1.0,0.0,0.0,0.0
2017-11-15,-0.0077722005639853054,-0.0037966324,0.0,0.0,-1.0,0.0
2017-11-16,0.0026509223203341524,-0.0041167,1.0,0.0,1.0,0.0
2017-11-17,-0.009615218269674042,-0.0038895241,0.0,0.0,-1.0,0.0
2017-11-20,0.0015774494694558213,-0.0038020897,1.0,0.0,1.0,0.0
2017-11-21,0.014419044762143953,-0.0039557414,1.0,0.0,0.0,0.0
2017-11-22,-0.007286086366910305,-0.004204291,0.0,0.0,-1.0,0.0
2017-11-24,0.0018047995467891274,-0.003815049,1.0,0.0,1.0,0.0
2017-11-27,0.007326532564437155,-0.003993526,1.0,0.0,0.0,0.0
2017-11-28,0.012042399819000689,-0.0033014612,1.0,0.0,0.0,0.0
2017-11-29,-0.01814343761561154,-0.0031485518,0.0,0.0,-1.0,0.0
2017-11-30,0.009959356789701605,-0.0038844575,1.0,0.0,1.0,0.0
2017-12-01,0.001069166442538194,-0.0033212197,1.0,0.0,0.0,0.0
2017-12-04,-0.03774006233717819,-0.0032286404,0.0,0.0,-1.0,0.0
2017-12-05,0.0062896369222418145,-0.0036145085,1.0,0.0,1.0,0.0
2017-12-06,0.01458526693788586,-0.004619764,1.0,0.0,0.0,0.0
2017-12-07,-0.003503144474256935,-0.0038143848,0.0,0.0,-1.0,0.0
2017-12-08,0.020244840397744646,-0.0047599096,1.0,0.0,1.0,0.0
2017-12-11,0.012713894335860685,-0.00525469,1.0,0.0,0.0,0.0
2017-12-12,0.004106481615264274,-0.0028550674,1.0,0.0,0.0,0.0
2017-12-13,-0.002687556909575905,-0.002677385,0.0,0.0,-1.0,0.0
2017-12-14,-0.007732967618373723,-0.0030279437,0.0,0.0,0.0,0.0
2017-12-15,0.025504901149883803,-0.002267382,1.0,0.0,1.0,0.0
2017-12-18,-0.005411695641309496,-0.0030259248,0.0,0.0,-1.0,0.0
2017-12-19,-0.006367145455392078,-0.003594685,0.0,0.0,0.0,0.0
2017-12-20,-0.003611573394783019,-0.0037503296,0.0,0.0,0.0,0.0
2017-12-21,-0.00023394581882163856,-0.0034643083,0.0,0.0,0.0,0.0
2017-12-22,0.00011690675573272544,-0.0027631135,1.0,0.0,1.0,0.0
2017-12-26,-0.0012864785928540213,-0.004311236,0.0,0.0,-1.0,0.0
2017-12-27,0.0036298517524948493,-0.0042077946,1.0,0.0,1.0,0.0
2017-12-28,0.0001169002385679138,-0.003947471,1.0,0.0,0.0,0.0
2017-12-29,-0.0020996672137543284,-0.0037561387,0.0,0.0,-1.0,0.0
